﻿<?xml version="1.0" encoding="utf-8"?><HelpTOCNode Title="BusinessLayer" Url="html/016cce25-ec8b-731f-7669-aedc9f6fc4f3.htm"><HelpTOCNode Title="AcHead Class" Url="html/3aea8c21-92d3-494e-c3be-778440c9d678.htm" HasChildren="true" /><HelpTOCNode Title="Allotment Class" Url="html/8545f1f5-4084-9959-9616-4c559f7045e8.htm" HasChildren="true" /><HelpTOCNode Title="Course Class" Url="html/4b513449-8aa9-47c2-d34d-88ceb5a3c2a9.htm" HasChildren="true" /><HelpTOCNode Title="Department Class" Url="html/c0d7a736-091e-987f-1db7-b3550d9f98ee.htm" HasChildren="true" /><HelpTOCNode Title="Gender Class" Url="html/17ddeebf-a71d-f254-b0d7-5d01f48fdc81.htm" HasChildren="true" /><HelpTOCNode Title="Hostel Class" Url="html/067e8df9-9c63-f4a1-f3d1-dd9c9032e6be.htm" HasChildren="true" /><HelpTOCNode Title="HostelBill Class" Url="html/cdab0db1-6835-d07c-98e2-2900b8e6d404.htm" HasChildren="true" /><HelpTOCNode Title="HostelCharge Class" Url="html/6593cb1a-295f-43f5-a031-be2ac0a031ab.htm" HasChildren="true" /><HelpTOCNode Title="HostelManagementEntities1 Class" Url="html/70d8d440-48cd-5ed7-4078-a00497294e3a.htm" HasChildren="true" /><HelpTOCNode Title="HostelTransaction Class" Url="html/25f43fd8-6d3e-239b-795b-c04599d213e1.htm" HasChildren="true" /><HelpTOCNode Title="InfrastructureHelper Class" Url="html/bd9d2666-0b07-ec70-ba8b-1f38e0d0a7c3.htm" HasChildren="true" /><HelpTOCNode Title="MessBill Class" Url="html/5609b402-74e7-be8e-00aa-32b4880bba7e.htm" HasChildren="true" /><HelpTOCNode Title="MessTransaction Class" Url="html/faf64add-d412-b80b-b51f-639379dc43ea.htm" HasChildren="true" /><HelpTOCNode Title="PaymentType Class" Url="html/845c78c9-1b47-ac48-8527-9bb334420f82.htm" HasChildren="true" /><HelpTOCNode Title="ReportHelper Class" Url="html/599f9d26-1003-01db-e94f-fbe230597d5b.htm" HasChildren="true" /><HelpTOCNode Title="Room Class" Url="html/862e7f2e-e49d-9448-9c19-de89f0603d08.htm" HasChildren="true" /><HelpTOCNode Title="RoomMetaData Class" Url="html/3975c785-454c-f410-a3cb-6e8145ec802f.htm" HasChildren="true" /><HelpTOCNode Title="RoomType Class" Url="html/c93b6586-148a-125d-16d1-e7b2f369b982.htm" HasChildren="true" /><HelpTOCNode Title="Student Class" Url="html/150a3bba-7314-7265-817e-0196892c6460.htm" HasChildren="true" /><HelpTOCNode Title="StudentHelper Class" Url="html/7297b2f0-2bcb-3562-bd73-e0210158cfd0.htm" HasChildren="true" /><HelpTOCNode Title="TransactionHelper Class" Url="html/00ac092a-4405-ce04-c53c-b9d7276b549e.htm" HasChildren="true" /></HelpTOCNode>