﻿<?xml version="1.0" encoding="utf-8"?><HelpTOCNode Title="StudentViewModel Properties" Url="html/10ee6dac-058c-c198-905a-30c3063683cc.htm"><HelpTOCNode Title="blockNumber Property " Url="html/3a164e2a-0726-32d9-84ad-d20f8fb40605.htm" /><HelpTOCNode Title="branch Property " Url="html/d575f2c0-58b0-db0e-d268-42be8c97a243.htm" /><HelpTOCNode Title="course Property " Url="html/488fdc1e-a737-cbfc-78af-e7a3dbc4cb39.htm" /><HelpTOCNode Title="dob Property " Url="html/c9605c1d-c117-4ae7-f67f-baa4691ce22d.htm" /><HelpTOCNode Title="doj Property " Url="html/94770eee-5c53-32ec-0c47-1a8160c030d8.htm" /><HelpTOCNode Title="floorNumber Property " Url="html/2216c601-cc17-e2c5-7e1e-e73660ce7274.htm" /><HelpTOCNode Title="gender Property " Url="html/70ba8c83-3ab5-9f06-dd8d-73a6e282ded7.htm" /><HelpTOCNode Title="name Property " Url="html/d0d21677-42ba-cdc9-d80c-e1002bab6813.htm" /><HelpTOCNode Title="roomNumber Property " Url="html/0a2391ff-c331-cd54-07b0-d7bc4ba739eb.htm" /><HelpTOCNode Title="roomType Property " Url="html/a62bb680-18d1-a555-25e5-c20fdc1093f9.htm" /><HelpTOCNode Title="semester Property " Url="html/5ee5ae22-83f3-10d5-510a-38b0dcfcda51.htm" /><HelpTOCNode Title="usn Property " Url="html/ae693845-0b62-0aec-9e4d-a9ac8486601d.htm" /><HelpTOCNode Title="year Property " Url="html/9c6ca446-8d61-1796-01ac-7c70605a6161.htm" /></HelpTOCNode>