﻿<?xml version="1.0" encoding="utf-8"?><HelpTOCNode Title="HostelManagementEntities1 Properties" Url="html/1125f994-d0a1-22da-e55d-725ef32877c3.htm"><HelpTOCNode Title="AcHeads Property " Url="html/e3a1ed7a-1ab2-bf60-975a-f6ef6d950ef5.htm" /><HelpTOCNode Title="Allotments Property " Url="html/05aaf9db-9f7a-5242-f8de-fd0f5316a6a7.htm" /><HelpTOCNode Title="Courses Property " Url="html/3f586075-3c1c-1c76-3186-d1943da8e54e.htm" /><HelpTOCNode Title="Departments Property " Url="html/007aa9a5-e256-efa7-468d-49a2deb77d91.htm" /><HelpTOCNode Title="Genders Property " Url="html/59938bb4-dfcc-ed10-8e2e-a00b315d049a.htm" /><HelpTOCNode Title="HostelBills Property " Url="html/60fd9d51-e9d6-b814-db23-2c5c076473fb.htm" /><HelpTOCNode Title="HostelCharges Property " Url="html/7a7bc0f1-640f-7732-0354-5781ae0efe89.htm" /><HelpTOCNode Title="Hostels Property " Url="html/44acfccb-c7bd-6584-8fcc-0319591533a6.htm" /><HelpTOCNode Title="HostelTransactions Property " Url="html/be6cdcdf-ae2e-7ed9-7382-7d173fc3edc0.htm" /><HelpTOCNode Title="MessBills Property " Url="html/e3ba8a9b-315b-f741-1eb5-604086b2e2d2.htm" /><HelpTOCNode Title="MessTransactions Property " Url="html/ffa6a100-64ce-a560-d1d1-c64d875f200b.htm" /><HelpTOCNode Title="PaymentTypes Property " Url="html/ca8ce74e-b680-f3cb-8cf7-84d1bfc97162.htm" /><HelpTOCNode Title="Rooms Property " Url="html/385b006c-7bc5-df67-d8a6-b41db1cc38c3.htm" /><HelpTOCNode Title="RoomTypes Property " Url="html/e4ead32d-5e12-34c9-352c-1e74d85755af.htm" /><HelpTOCNode Title="Students Property " Url="html/9da5d357-35ac-12cc-e3ef-45a57509e1c2.htm" /></HelpTOCNode>