﻿<?xml version="1.0" encoding="utf-8"?><HelpTOCNode Title="MeeFeeDataTable Methods" Url="html/11ef7f26-fea9-1a58-cb35-dff89e674ef7.htm"><HelpTOCNode Title="AddMeeFeeRow Method " Url="html/38639c81-0fcc-4506-dcfc-3d1bc478c5a0.htm" HasChildren="true" /><HelpTOCNode Title="Clone Method " Url="html/38fe44b2-a1f5-0168-202a-7ba264c93ac7.htm" HasChildren="true" /><HelpTOCNode Title="CreateInstance Method " Url="html/e27046a1-fa7e-3f7f-0fc4-d244e468431a.htm" /><HelpTOCNode Title="GetRowType Method " Url="html/cd0fe99e-5566-376d-5567-d0fbc77c5791.htm" /><HelpTOCNode Title="GetTypedTableSchema Method " Url="html/c9a183ce-704d-1c01-0c73-f40999392491.htm" /><HelpTOCNode Title="InitClass Method " Url="html/3c333f63-e9ed-1647-59d1-4d2b9021d350.htm" /><HelpTOCNode Title="InitVars Method " Url="html/f2c98736-ff41-13bb-d571-d536e067c3de.htm" /><HelpTOCNode Title="NewMeeFeeRow Method " Url="html/5e08a63c-5b5a-8595-e4ca-b3290fe7d754.htm" /><HelpTOCNode Title="NewRowFromBuilder Method " Url="html/e8f825e6-7eb2-e6af-acdc-3d3742f29fe3.htm" /><HelpTOCNode Title="OnRowChanged Method " Url="html/ad86f6bb-51a5-a943-1c2c-43bc7cd28fc0.htm" /><HelpTOCNode Title="OnRowChanging Method " Url="html/d4a7ee93-d6f2-a3e2-b0cc-94a4cdba4892.htm" /><HelpTOCNode Title="OnRowDeleted Method " Url="html/342a6407-4497-d485-7370-29eaf26adae7.htm" /><HelpTOCNode Title="OnRowDeleting Method " Url="html/2f14a4f3-fbad-7cf2-614f-7ef3b12c0717.htm" /><HelpTOCNode Title="RemoveMeeFeeRow Method " Url="html/c6e1bb4b-9fe5-1626-66cd-9906a84ba769.htm" /></HelpTOCNode>