﻿<?xml version="1.0" encoding="utf-8"?><HelpTOCNode Title="HostelFeeDataTable Methods" Url="html/1c5fda60-3d02-5bbe-0c9c-4b1202668fc7.htm"><HelpTOCNode Title="AddHostelFeeRow Method " Url="html/b946d444-6bea-6c90-d5c3-926517dd6da3.htm" HasChildren="true" /><HelpTOCNode Title="Clone Method " Url="html/36c0803f-8f26-43ae-a70e-b2af829fba88.htm" HasChildren="true" /><HelpTOCNode Title="CreateInstance Method " Url="html/a5bb4ec8-9205-1e35-fa3a-98e8d1d8340d.htm" /><HelpTOCNode Title="GetRowType Method " Url="html/5b3530fe-c2e8-da4e-7881-75b448bb07a0.htm" /><HelpTOCNode Title="GetTypedTableSchema Method " Url="html/fa119d9e-bb5d-6028-fce1-645b175c65a5.htm" /><HelpTOCNode Title="InitClass Method " Url="html/b444c893-3bde-b009-db55-a9610abfa0f9.htm" /><HelpTOCNode Title="InitVars Method " Url="html/6b363d9a-eb4d-7613-f7a1-1fbd220faceb.htm" /><HelpTOCNode Title="NewHostelFeeRow Method " Url="html/4ed8f9e6-6dfb-5079-bc5f-905deb6f4124.htm" /><HelpTOCNode Title="NewRowFromBuilder Method " Url="html/3e01d0fb-5c00-e4e1-2fa3-665ef7b0796f.htm" /><HelpTOCNode Title="OnRowChanged Method " Url="html/ac7a35d2-b8e6-0274-d53d-cf94194b685b.htm" /><HelpTOCNode Title="OnRowChanging Method " Url="html/266e9d8a-d7a3-5e14-0bcc-253797e5d201.htm" /><HelpTOCNode Title="OnRowDeleted Method " Url="html/9c5bfe57-4f76-757e-543c-984cf9eb33cd.htm" /><HelpTOCNode Title="OnRowDeleting Method " Url="html/1d0f3f7d-f0c1-ceae-48e5-dc4126c73481.htm" /><HelpTOCNode Title="RemoveHostelFeeRow Method " Url="html/90a3d0e9-9a15-acbb-5340-622e7cccd335.htm" /></HelpTOCNode>