﻿<?xml version="1.0" encoding="utf-8"?><HelpTOCNode Title="StudentDataTable Properties" Url="html/2de040ca-c086-ce13-0c86-a507740971af.htm"><HelpTOCNode Title="BranchColumn Property " Url="html/4be693f6-4e4e-a9a0-9d0d-7334fad99ca9.htm" /><HelpTOCNode Title="Count Property " Url="html/df23c1e3-163b-4cf8-0747-10b5933e4114.htm" /><HelpTOCNode Title="CourseColumn Property " Url="html/d6cb1703-4544-eb28-5c76-c2af7c70107a.htm" /><HelpTOCNode Title="DateOfBirthColumn Property " Url="html/d8cf3da2-259e-6851-7815-b85f2ed20de8.htm" /><HelpTOCNode Title="GenderColumn Property " Url="html/c348bf02-32b0-ec44-e0d9-8dbd25b38839.htm" /><HelpTOCNode Title="Item Property " Url="html/622ea405-1e45-44c9-fea2-5623764cc13d.htm" /><HelpTOCNode Title="NameColumn Property " Url="html/3cbcd89a-c9a5-1e76-ec09-23b0a9598ef4.htm" /><HelpTOCNode Title="SemColumn Property " Url="html/673f8c1c-4804-4efd-5185-a975f1280c0f.htm" /></HelpTOCNode>