﻿<?xml version="1.0" encoding="utf-8"?><HelpTOCNode Title="StudentReportDataSet Methods" Url="html/32050969-afd3-d6f2-bd65-85680d0ce6db.htm"><HelpTOCNode Title="Clone Method " Url="html/e9634ef4-3675-c014-faa8-50ba1a3392d3.htm" /><HelpTOCNode Title="GetSchemaSerializable Method " Url="html/3d05f9c2-9846-0441-9080-024a113ce60a.htm" /><HelpTOCNode Title="GetTypedDataSetSchema Method " Url="html/4fe6ef81-3623-38d0-b02a-0e2bcdddc72d.htm" /><HelpTOCNode Title="InitClass Method " Url="html/900b6e05-2497-af30-26ee-305c0bdff60a.htm" /><HelpTOCNode Title="InitializeDerivedDataSet Method " Url="html/bee213bb-e244-6cc2-46cf-8ee0a93a4a5b.htm" /><HelpTOCNode Title="InitVars Method " Url="html/b66a1430-254e-0b15-7c10-652f3b7c0499.htm" HasChildren="true" /><HelpTOCNode Title="ReadXmlSerializable Method " Url="html/c54135cb-6a23-f5ea-ab33-53c6460b52de.htm" /><HelpTOCNode Title="SchemaChanged Method " Url="html/335cab02-e30f-313f-fe27-7aea38c129a0.htm" /><HelpTOCNode Title="ShouldSerializeAllotment Method " Url="html/8a97f1da-5145-fd22-f3a1-700d3969f4f6.htm" /><HelpTOCNode Title="ShouldSerializeHostelFee Method " Url="html/2e1fab8e-7621-b597-3506-fe12f6baaccb.htm" /><HelpTOCNode Title="ShouldSerializeMeeFee Method " Url="html/91487924-3fc3-2aff-0773-006164367a88.htm" /><HelpTOCNode Title="ShouldSerializeRelations Method " Url="html/41854d42-dbc9-82b0-2ed3-d7b4e33babbf.htm" /><HelpTOCNode Title="ShouldSerializeStudent Method " Url="html/b42f3399-3a86-759e-d555-944e724223ec.htm" /><HelpTOCNode Title="ShouldSerializeTables Method " Url="html/436ecc96-6a4e-bc45-6179-73e366d8c364.htm" /></HelpTOCNode>