﻿<?xml version="1.0" encoding="utf-8"?><HelpTOCNode Title="MessBill Properties" Url="html/34864200-6051-62b1-6602-8d7b16231fa4.htm"><HelpTOCNode Title="bid Property " Url="html/110c5d07-6e64-f44b-c114-5e020cdb2a29.htm" /><HelpTOCNode Title="billNum Property " Url="html/1ae3cd5d-d847-8cf7-9228-2a1d7a997db7.htm" /><HelpTOCNode Title="dateOfDeclaration Property " Url="html/8d5bf20f-95c9-bf05-5d9c-cef6e6e5f597.htm" /><HelpTOCNode Title="MessTransactions Property " Url="html/7a88569f-3ced-cd6c-4bb1-d14e370a2832.htm" /><HelpTOCNode Title="month Property " Url="html/2a0d8106-bba0-8da5-aafd-f052dfc7e47c.htm" /><HelpTOCNode Title="numDays Property " Url="html/0112bb6c-47da-d799-6ce5-6392846f9a5b.htm" /><HelpTOCNode Title="Student Property " Url="html/ef9648a1-742e-707e-c98b-4aecbfa2a4e9.htm" /><HelpTOCNode Title="year Property " Url="html/8df527a4-5cad-b83b-2cd3-18f570a97b2f.htm" /></HelpTOCNode>