﻿<?xml version="1.0" encoding="utf-8"?><HelpTOCNode Title="UserController Methods" Url="html/39975a80-92aa-86c5-b65c-c1f3e6b7c8ff.htm"><HelpTOCNode Title="AddAdditionalFee Method " Url="html/8f1e3973-f454-85eb-3edb-e9a1c6323f49.htm" HasChildren="true" /><HelpTOCNode Title="AddStudent Method " Url="html/d69d23f8-ea26-cc4f-b1c6-68d17e090212.htm" HasChildren="true" /><HelpTOCNode Title="ChangeRoom Method " Url="html/938d2385-c29c-6a37-85b7-47700dc3f3b6.htm" HasChildren="true" /><HelpTOCNode Title="ChangeRoomAllotment Method " Url="html/9261ed1d-56df-4779-6586-75cacbfefa22.htm" /><HelpTOCNode Title="DiscountFees Method " Url="html/758a53ee-90f5-2e8c-1702-13f2fa1c59b9.htm" HasChildren="true" /><HelpTOCNode Title="GenerateMessBill Method " Url="html/5325b00b-6356-1425-b655-9174ed0ffd6a.htm" HasChildren="true" /><HelpTOCNode Title="GenerateReport Method " Url="html/a92b3fd5-11bb-4cb0-4fd5-8fb6678c7889.htm" HasChildren="true" /><HelpTOCNode Title="GenerateReportByAmount Method " Url="html/b3fe8e1a-bad2-ac16-79bb-26d1154a4733.htm" /><HelpTOCNode Title="GenerateReportByBID Method " Url="html/b118d791-74c8-4a4d-1ad9-fe9fc39dd718.htm" /><HelpTOCNode Title="GenerateReportByDate Method " Url="html/058c5d4d-8e1b-4d5c-c886-6e81931a30b1.htm" /><HelpTOCNode Title="GenerateReportByDropDown Method " Url="html/c3986d59-5bf0-e924-83dc-be4737c8a1ff.htm" /><HelpTOCNode Title="GenerateStudentReport Method " Url="html/3fcff9d3-61fe-8cda-66f4-1e9a38653018.htm" HasChildren="true" /><HelpTOCNode Title="GetAmount Method " Url="html/963c7574-6c58-b942-4122-79f5fbfc17db.htm" /><HelpTOCNode Title="GetBlocks Method " Url="html/31fd11a5-c4f2-131e-03a4-b09eef6d0f17.htm" /><HelpTOCNode Title="GetFeeBreakUp Method " Url="html/78874eb9-1858-946e-eb72-317ad130939d.htm" /><HelpTOCNode Title="GetMessAmount Method " Url="html/823e1199-4d1c-6880-c545-64b297bce542.htm" /><HelpTOCNode Title="GetRooms Method " Url="html/9ae56b75-ceb7-6071-875c-5458c5c32c3a.htm" /><HelpTOCNode Title="GetStudentList Method " Url="html/1ff33a66-ab8b-da86-b910-a9da489b2faa.htm" /><HelpTOCNode Title="GetType Method " Url="html/b2e0696c-974d-649e-c774-41677f0560d2.htm" HasChildren="true" /><HelpTOCNode Title="HostelTransaction Method " Url="html/007a4ba9-2a72-ae45-c313-a6b471f3a4e0.htm" HasChildren="true" /><HelpTOCNode Title="Index Method " Url="html/483c530a-b000-986e-39cb-1201c9cf0f2e.htm" /><HelpTOCNode Title="Logout Method " Url="html/d9043758-814c-49e9-10cb-9701d857d774.htm" /><HelpTOCNode Title="MeetDevelopers Method " Url="html/ee1bb75b-44db-1bc4-2ee3-008dac033686.htm" /><HelpTOCNode Title="MessTransaction Method " Url="html/7a9ab29a-8caf-36d8-fb8a-a199fe4c3361.htm" HasChildren="true" /><HelpTOCNode Title="PerformHostelFeeDiscount Method " Url="html/24f2c3b1-ccc0-bde7-ed99-e33f57999c4f.htm" /><HelpTOCNode Title="PerformHostelTransaction Method " Url="html/e3e0ad05-4971-1550-6954-0bb204803c16.htm" /><HelpTOCNode Title="PerformMessTransaction Method " Url="html/a371e58a-2ea7-fa13-a6bb-37a5b11b82b7.htm" /><HelpTOCNode Title="PerformRemoveStudent Method " Url="html/e4da8134-dcee-4093-2fec-9c3ee84635b2.htm" /><HelpTOCNode Title="RemoveStudent Method " Url="html/b3327146-d2f2-0d7e-f7d5-396278507a5b.htm" HasChildren="true" /><HelpTOCNode Title="ReportAbsenceForMess Method " Url="html/3e98d5c3-6aaf-24d2-e06a-46ab1b1e36ac.htm" HasChildren="true" /><HelpTOCNode Title="SetUpDropDown Method " Url="html/32ac5dc6-9a99-6fa2-4ccd-8fc6e18014c7.htm" /><HelpTOCNode Title="SetUpDropDownViewData Method " Url="html/d28f570b-0473-da6e-ab3a-0a01cded9cf8.htm" /><HelpTOCNode Title="ShowAllDues Method " Url="html/9c7ff16d-ebcc-0cf3-8837-1df0233ecb3b.htm" /><HelpTOCNode Title="ShowAllMessDues Method " Url="html/aa1c939c-73d2-5be0-c4b7-19f400b19a9a.htm" /><HelpTOCNode Title="ShowAllTransactions Method " Url="html/031fb6c6-6d09-d741-a088-4396b78a8339.htm" /><HelpTOCNode Title="ShowDueByStudent Method " Url="html/599468a6-7cca-5063-1441-b9e6b5d4b782.htm" /><HelpTOCNode Title="ShowDues Method " Url="html/3bbda25d-c696-5787-5c67-8958332a3328.htm" /><HelpTOCNode Title="ShowMessDues Method " Url="html/fbd2db2a-b9a8-8a46-4da2-e0a81bdd9698.htm" /><HelpTOCNode Title="ViewStudent Method " Url="html/29343c57-5a2c-72ae-846b-a63056898673.htm" HasChildren="true" /></HelpTOCNode>