﻿<?xml version="1.0" encoding="utf-8"?><HelpTOCNode Title="DisplayStudentViewModel Properties" Url="html/3d0d7742-b581-9d6a-a78f-7d86b701e9df.htm"><HelpTOCNode Title="allotments Property " Url="html/9df91fa3-46f6-bf51-9e67-f3f5d388c774.htm" /><HelpTOCNode Title="branch Property " Url="html/08f54b48-9c93-1181-26e1-4e3d86053cea.htm" /><HelpTOCNode Title="course Property " Url="html/f63b2be8-5a7b-c0b3-2d42-6c11ce3d3944.htm" /><HelpTOCNode Title="dob Property " Url="html/433bfb6f-6a60-1c7d-41f3-8063579bfe2e.htm" /><HelpTOCNode Title="gender Property " Url="html/33bae2eb-130f-e7b7-cedb-a92ea7fce2d0.htm" /><HelpTOCNode Title="name Property " Url="html/5a240277-3939-9a1a-00c4-dc2e885f153f.htm" /><HelpTOCNode Title="semester Property " Url="html/830af07a-30e8-7fc2-1f1c-4891c7606934.htm" /><HelpTOCNode Title="usn Property " Url="html/cb785f24-c07a-26e1-18de-e6722a7271b3.htm" /><HelpTOCNode Title="year Property " Url="html/e52c919b-5068-6f60-fc0f-657c6af1a9df.htm" /></HelpTOCNode>