﻿<?xml version="1.0" encoding="utf-8"?><HelpTOCNode Title="Allotment Properties" Url="html/4fb68f43-6f53-3af8-7292-4199a7b5c0cf.htm"><HelpTOCNode Title="bid Property " Url="html/86d1d7f0-faf1-f557-9a04-f3d977d594f8.htm" /><HelpTOCNode Title="dateOfJoin Property " Url="html/17118f11-b8cb-0c87-a09c-8df41f7df01a.htm" /><HelpTOCNode Title="dateOfLeave Property " Url="html/a9660db4-a566-fecf-8b2b-f135bd1c599e.htm" /><HelpTOCNode Title="hostelBlock Property " Url="html/4b4bed7b-adeb-8287-91de-b4411db39b74.htm" /><HelpTOCNode Title="Room Property " Url="html/ff367392-7462-e657-41db-c2a8b0aa0d22.htm" /><HelpTOCNode Title="roomNum Property " Url="html/b493ecff-c75e-6528-2d25-c01e2597b150.htm" /><HelpTOCNode Title="slNum Property " Url="html/1b3f0e51-0621-183f-3e30-08a4b50a19e0.htm" /><HelpTOCNode Title="Student Property " Url="html/2ef7b795-7197-189e-ae1b-d4f65726b294.htm" /><HelpTOCNode Title="year Property " Url="html/edfe5fa1-4854-3e44-8cbd-8cf0d49b3130.htm" /></HelpTOCNode>