﻿<?xml version="1.0" encoding="utf-8"?><HelpTOCNode Title="TransactionsViewModel Properties" Url="html/565ba836-d7ba-a85c-b037-3ad58fab806f.htm"><HelpTOCNode Title="academicYear Property " Url="html/020097fb-bc93-ad0d-21bb-c6b33d887663.htm" /><HelpTOCNode Title="accountHead Property " Url="html/74dd0a69-656d-fc46-0fea-302ca9eddc69.htm" /><HelpTOCNode Title="amount Property " Url="html/f1f8166c-b2a3-abd7-b975-3d9b0f121a03.htm" /><HelpTOCNode Title="bankName Property " Url="html/94332f90-f1bd-3562-10c5-a3e964d7133e.htm" /><HelpTOCNode Title="bid Property " Url="html/bb485647-ceb7-a878-daa4-34f5d73d539e.htm" /><HelpTOCNode Title="dateOfPay Property " Url="html/f9d0ed13-e05e-68fe-82da-178cb2de7b17.htm" /><HelpTOCNode Title="id Property " Url="html/42234611-8aa6-b2b0-a20a-5cd8086c0baa.htm" /><HelpTOCNode Title="paymentType Property " Url="html/48d0ffe5-a7e7-bb10-4e0b-00fda7386349.htm" /><HelpTOCNode Title="transaction Property " Url="html/4971cb54-2222-f98f-c40a-b21c374316bd.htm" /></HelpTOCNode>