﻿<?xml version="1.0" encoding="utf-8"?><HelpTOCNode Title="HostelManagement.Areas Namespaces" Url="html/678b6bee-a184-2625-e639-6094df6cfaab.htm"><HelpTOCNode Title="HostelManagement.Areas.Administration" Url="html/0eb7cd69-ee3a-c857-a6c2-d631ac134c43.htm" HasChildren="true" /><HelpTOCNode Title="HostelManagement.Areas.Administration.Controllers" Url="html/2be1f517-8cb7-cf37-261f-94cee183747b.htm" HasChildren="true" /><HelpTOCNode Title="HostelManagement.Areas.Administration.Models" Url="html/bf6d804a-0881-c615-5b86-5f728c3f0669.htm" HasChildren="true" /><HelpTOCNode Title="HostelManagement.Areas.Archive" Url="html/0c9f8d6b-4e40-e50d-2070-cb3e9e01918f.htm" HasChildren="true" /><HelpTOCNode Title="HostelManagement.Areas.Archive.Controllers" Url="html/b943766f-d368-80f1-95c8-9bab699d9f6b.htm" HasChildren="true" /><HelpTOCNode Title="HostelManagement.Areas.HostelMessManagement" Url="html/5bf0a31e-4b57-41fa-9b19-1d7e921db717.htm" HasChildren="true" /><HelpTOCNode Title="HostelManagement.Areas.HostelMessManagement.Controllers" Url="html/bc178c06-3b57-5bb2-fdbe-ba740c2387c5.htm" HasChildren="true" /><HelpTOCNode Title="HostelManagement.Areas.HostelMessManagement.Models" Url="html/731381cf-c5e0-e99e-d20b-707a90a70bcc.htm" HasChildren="true" /></HelpTOCNode>