﻿<?xml version="1.0" encoding="utf-8"?><HelpTOCNode Title="HomeController Methods" Url="html/717e4712-1ac4-ecb9-e4e6-9395c132cdfb.htm"><HelpTOCNode Title="AddHostel Method " Url="html/c36bdbb6-42cd-698e-1569-55a787484235.htm" HasChildren="true" /><HelpTOCNode Title="AddRooms Method " Url="html/75e9863d-0859-f0b5-b062-c6db9c5b3ef5.htm" HasChildren="true" /><HelpTOCNode Title="AddUser Method " Url="html/6cc2486a-647b-c31f-8614-7ad3235c9860.htm" HasChildren="true" /><HelpTOCNode Title="Dispose Method " Url="html/7833c7f6-d53a-dda1-dd55-3bdbfee77e4c.htm" HasChildren="true" /><HelpTOCNode Title="Index Method " Url="html/c7bdd0b4-be88-ee02-6ae9-485b483a6157.htm" /><HelpTOCNode Title="Logout Method " Url="html/cc058d8e-c7e4-a7ce-145f-236a298acd63.htm" /><HelpTOCNode Title="MeetDevelopers Method " Url="html/80177972-cf84-ae53-8dc7-3d38690f32a2.htm" /><HelpTOCNode Title="RemoveUser Method " Url="html/146bc0e5-6890-5974-c382-ffa31b636fbc.htm" HasChildren="true" /></HelpTOCNode>