﻿<?xml version="1.0" encoding="utf-8"?><HelpTOCNode Title="StudentHelper Methods" Url="html/72bc6690-bee4-0387-7d24-9f3cc7dbbf29.htm"><HelpTOCNode Title="AddAdditionalFee Method " Url="html/3c95c462-e744-a2ed-6f56-b04e7dc35033.htm" /><HelpTOCNode Title="AddStudent Method " Url="html/6053f76e-58d4-dff5-b5af-1b3e9dea5225.htm" /><HelpTOCNode Title="CanChangeRoom Method " Url="html/e64a6f76-ebc0-e0c5-6e1a-e636681a6064.htm" /><HelpTOCNode Title="CanRemoveStudent Method " Url="html/391e827d-541c-bc8a-5537-b769e9d4ede4.htm" /><HelpTOCNode Title="ConstructViewModelForAlloment Method " Url="html/80a9b7aa-b271-374c-2a03-bc61f55af80a.htm" /><HelpTOCNode Title="ConstructViewModelForRemoveStudent Method " Url="html/245e7e64-c349-dde2-e068-fe1c3a471d4d.htm" /><HelpTOCNode Title="GenerateBid Method " Url="html/f18e835b-0497-bcc2-3659-1a3bd3da8285.htm" /><HelpTOCNode Title="GetAvailableRoomsInHostel Method " Url="html/8eb768c2-9b01-4121-7375-44ff8751fad7.htm" /><HelpTOCNode Title="GetCourses Method " Url="html/9283b03d-0736-0dc0-8d69-6fba1843a634.htm" /><HelpTOCNode Title="GetDepartments Method " Url="html/e4d9b2ab-66ef-3ddd-0d91-b7a0144f0c7d.htm" /><HelpTOCNode Title="GetDepositRefund Method " Url="html/84e641e6-519e-b3bc-34f5-5661254d421f.htm" /><HelpTOCNode Title="GetFeeBreakup Method " Url="html/19e91d20-e8d2-bfc0-6258-5c3c9ae56829.htm" /><HelpTOCNode Title="GetGenders Method " Url="html/3432edd7-1826-20e8-a449-09a7e0c610e6.htm" /><HelpTOCNode Title="GetHostelsForStudent Method " Url="html/7ddca826-300b-0e29-a580-fd43869bde33.htm" /><HelpTOCNode Title="GetRoomsIncludingCurrent Method " Url="html/6bd07f7f-e1d1-3e8f-d46f-5a6dc65a229c.htm" /><HelpTOCNode Title="GetRoomType Method " Url="html/4df56794-e631-3566-2866-949bbd1d596d.htm" /><HelpTOCNode Title="GetRoomTypes Method " Url="html/67b653eb-919f-3d41-8873-57304899a83e.htm" /><HelpTOCNode Title="GetStudent Method " Url="html/34d4e43a-9c6d-4693-6a00-f7fa87913e72.htm" /><HelpTOCNode Title="GetStudentDetails Method " Url="html/81dbd87e-be14-c85b-5c60-105575fe0464.htm" /><HelpTOCNode Title="GetStudentListForAutoComplete Method " Url="html/02c50820-2761-bf0c-50b0-ec4c8a6ebb48.htm" /><HelpTOCNode Title="IsUsnRequired Method " Url="html/b02c442a-dea8-c5ae-0020-13d235fc377b.htm" /><HelpTOCNode Title="PerformRemoveStudent Method " Url="html/55925f2d-3c5c-b906-99fa-c1d30ae1f2ee.htm" /><HelpTOCNode Title="PerformRoomChange Method " Url="html/8e6f08ee-1b07-6d1b-d55e-1276caf7eed0.htm" /></HelpTOCNode>