﻿<?xml version="1.0" encoding="utf-8"?><HelpTOCNode Title="HostelManagement.Areas.HostelMessManagement.Models" Url="html/731381cf-c5e0-e99e-d20b-707a90a70bcc.htm"><HelpTOCNode Title="AddAdditionalFeeViewModel Class" Url="html/8b357d48-870d-fd34-eeb2-bc1c139c051a.htm" HasChildren="true" /><HelpTOCNode Title="AllotmentDisplayViewModel Class" Url="html/67dc054f-79b3-7030-7da1-6659b6087f25.htm" HasChildren="true" /><HelpTOCNode Title="ChangeRoomViewModel Class" Url="html/ea194580-63da-1010-5702-ee757d92ddeb.htm" HasChildren="true" /><HelpTOCNode Title="DisplayStudentViewModel Class" Url="html/19b271e4-5ffd-8414-159a-eeb8bf720ed7.htm" HasChildren="true" /><HelpTOCNode Title="HostelChargesViewModel Class" Url="html/78fbbb0e-b401-97be-417c-64ced2f3832c.htm" HasChildren="true" /><HelpTOCNode Title="HostelFeeDueViewModel Class" Url="html/363916eb-ae29-e8cf-f7b2-5ff8799fba91.htm" HasChildren="true" /><HelpTOCNode Title="HostelTransactionViewModel Class" Url="html/cca42a22-2220-a493-36ff-153ad5254b2b.htm" HasChildren="true" /><HelpTOCNode Title="MessAbsenceViewModel Class" Url="html/d13d56a3-7398-8d4c-aca6-6a9669768bea.htm" HasChildren="true" /><HelpTOCNode Title="MessChargesViewModel Class" Url="html/a1e9e9f8-56c1-2167-846d-c026293a5f2a.htm" HasChildren="true" /><HelpTOCNode Title="MessFeeDueViewModel Class" Url="html/cf6b6bd0-a082-7b78-2bff-1d3d87031269.htm" HasChildren="true" /><HelpTOCNode Title="MessTransactionViewModel Class" Url="html/13d85559-136c-95e9-4e19-da019645e4ac.htm" HasChildren="true" /><HelpTOCNode Title="RemoveStudentViewModel Class" Url="html/543bc452-cff0-cfd1-658c-f3b1559a834b.htm" HasChildren="true" /><HelpTOCNode Title="SearchViewModel Class" Url="html/85b4499d-2078-2534-67ea-0e0a6bf40fa9.htm" HasChildren="true" /><HelpTOCNode Title="StudentDueSummaryViewModel Class" Url="html/d85cb39b-69dd-d1f2-e72e-cf08d365de29.htm" HasChildren="true" /><HelpTOCNode Title="StudentMessDueSummaryViewModel Class" Url="html/c29eadc3-01c4-503d-8190-7d8d47285165.htm" HasChildren="true" /><HelpTOCNode Title="StudentSearchViewModel Class" Url="html/de6324f4-7f51-1e4a-f841-96244a4abb05.htm" HasChildren="true" /><HelpTOCNode Title="StudentViewModel Class" Url="html/af975f9d-818a-25cd-1e46-511ca835b9a1.htm" HasChildren="true" /><HelpTOCNode Title="TransactionsViewModel Class" Url="html/d61b90fc-8fac-f513-8eb9-286a0214ac95.htm" HasChildren="true" /></HelpTOCNode>