﻿<?xml version="1.0" encoding="utf-8"?><HelpTOCNode Title="StudentDataTable Methods" Url="html/74763bcf-c7ad-f858-a8a5-e3416bfa1eb5.htm"><HelpTOCNode Title="AddStudentRow Method " Url="html/59aafce5-281f-5936-19b7-68da1999f4e2.htm" HasChildren="true" /><HelpTOCNode Title="Clone Method " Url="html/9fd3ac89-9231-5dbd-eaf5-8b4242cb5c60.htm" HasChildren="true" /><HelpTOCNode Title="CreateInstance Method " Url="html/2d9b5aec-8bf5-81b0-1a20-612565fd7044.htm" /><HelpTOCNode Title="GetRowType Method " Url="html/9725b1e8-efe3-ec61-6c28-2f30d24a3af0.htm" /><HelpTOCNode Title="GetTypedTableSchema Method " Url="html/7fc34485-ad10-4a8c-99bc-b46a5d129de8.htm" /><HelpTOCNode Title="InitClass Method " Url="html/06e5ed4b-9c77-a756-54fe-68fb68277891.htm" /><HelpTOCNode Title="InitVars Method " Url="html/e665a817-687b-76a4-8d67-14a6310db22c.htm" /><HelpTOCNode Title="NewRowFromBuilder Method " Url="html/7b926cfb-a4f2-9a4a-e12f-8c4bc49f21d0.htm" /><HelpTOCNode Title="NewStudentRow Method " Url="html/3005ef37-feca-e49e-f7fd-e8eaa00d91da.htm" /><HelpTOCNode Title="OnRowChanged Method " Url="html/a3ead54e-621c-3965-c1b0-176a4135e263.htm" /><HelpTOCNode Title="OnRowChanging Method " Url="html/3a3588c8-949d-1fd5-cd62-b19bfac52cf0.htm" /><HelpTOCNode Title="OnRowDeleted Method " Url="html/198f5f6b-9aca-fada-7e54-24c65d63693e.htm" /><HelpTOCNode Title="OnRowDeleting Method " Url="html/b736b297-9cd6-5f13-9b98-ac9fdf7b50d0.htm" /><HelpTOCNode Title="RemoveStudentRow Method " Url="html/68545e1e-8254-f423-10cd-7de7d1d1dd4e.htm" /></HelpTOCNode>