﻿<?xml version="1.0" encoding="utf-8"?><HelpTOCNode Title="HostelTransaction Properties" Url="html/76080a0a-e35d-0206-63d8-e66554bd7a46.htm"><HelpTOCNode Title="AcHead Property " Url="html/d2ac55cc-ec0a-a714-0eb7-51da09b117d2.htm" /><HelpTOCNode Title="amount Property " Url="html/03095b07-ce27-9956-f9aa-de8beb123c0e.htm" /><HelpTOCNode Title="bankName Property " Url="html/53649df6-37ed-a03e-7c69-f551ac72bbfa.htm" /><HelpTOCNode Title="bid Property " Url="html/013dd094-3981-3a2f-909b-c73e2f29edd1.htm" /><HelpTOCNode Title="dateOfPay Property " Url="html/bf356f51-a69a-105a-e871-4a2b3a2f0967.htm" /><HelpTOCNode Title="head Property " Url="html/a7cd487b-ad49-b925-7da6-c5fa4d3c287c.htm" /><HelpTOCNode Title="id Property " Url="html/645a4621-56a1-349a-75ba-6267e36354e0.htm" /><HelpTOCNode Title="PaymentType Property " Url="html/20795e72-1d02-4858-c6d7-22f9ef84a415.htm" /><HelpTOCNode Title="paymentTypeId Property " Url="html/486ed998-ac89-c961-4b3e-a033ce112794.htm" /><HelpTOCNode Title="receipt Property " Url="html/de20489a-1f3a-8cb2-0bfa-118cc588539d.htm" /><HelpTOCNode Title="Student Property " Url="html/531a0253-7ac3-9f4a-abb9-ac9be142202e.htm" /><HelpTOCNode Title="year Property " Url="html/a3f7d963-35a9-8b2c-9c36-8c3dcd26aa37.htm" /></HelpTOCNode>