﻿<?xml version="1.0" encoding="utf-8"?><HelpTOCNode Title="AllotmentDataTable Methods" Url="html/77d56537-4953-8776-6009-3db1cbff2cb1.htm"><HelpTOCNode Title="AddAllotmentRow Method " Url="html/dc35d445-d0ba-b92e-4047-d98744ea75e2.htm" HasChildren="true" /><HelpTOCNode Title="Clone Method " Url="html/b8b6e3eb-a4bc-224d-3758-c30dcb33864e.htm" HasChildren="true" /><HelpTOCNode Title="CreateInstance Method " Url="html/9f9e0d95-2fb6-c3fc-0da0-c0a51c5f8fe7.htm" /><HelpTOCNode Title="GetRowType Method " Url="html/fe59c70e-fc21-4ded-f8ce-ed806ab38851.htm" /><HelpTOCNode Title="GetTypedTableSchema Method " Url="html/b1959d0e-65f8-5a53-bd48-dc5245b97545.htm" /><HelpTOCNode Title="InitClass Method " Url="html/d8f8ce3f-d071-c869-8beb-c8ddc6c965ad.htm" /><HelpTOCNode Title="InitVars Method " Url="html/af7194ef-721b-2ef7-8c5b-2827f0c85759.htm" /><HelpTOCNode Title="NewAllotmentRow Method " Url="html/bcb8a7f8-aa67-c9d0-d201-afc84429f87c.htm" /><HelpTOCNode Title="NewRowFromBuilder Method " Url="html/58eab7e0-1c69-b688-c086-dfb4128ebf26.htm" /><HelpTOCNode Title="OnRowChanged Method " Url="html/d8b0623e-a9c3-e562-0df4-3ef5209a8149.htm" /><HelpTOCNode Title="OnRowChanging Method " Url="html/6ece738f-0f1f-e063-65ee-614512cc2de3.htm" /><HelpTOCNode Title="OnRowDeleted Method " Url="html/54ff1dca-04c6-f218-35c4-7f745403c12a.htm" /><HelpTOCNode Title="OnRowDeleting Method " Url="html/82e58e9c-de7e-f5ac-fd14-033d5ca10901.htm" /><HelpTOCNode Title="RemoveAllotmentRow Method " Url="html/45b00fec-4bad-95c9-93ab-b54f160caa5b.htm" /></HelpTOCNode>