﻿<?xml version="1.0" encoding="utf-8"?><HelpTOCNode Title="HostelFeeRow Methods" Url="html/916f6433-269b-95e5-7901-801ef81acb03.htm"><HelpTOCNode Title="IsAmount_DueNull Method " Url="html/ac245377-603d-7730-a2ac-cd1f8525facf.htm" /><HelpTOCNode Title="IsAmount_PaidNull Method " Url="html/f45ed8ca-f436-75b0-f36b-890f9704ef88.htm" /><HelpTOCNode Title="IsFee_AmountNull Method " Url="html/d01fef17-5d12-7725-1ccc-0bb814cd2b2b.htm" /><HelpTOCNode Title="IsFee_TypeNull Method " Url="html/8343c03f-d701-66f5-ef08-8f27386bd491.htm" /><HelpTOCNode Title="IsYearNull Method " Url="html/e3c2d8c0-bf4c-1106-7275-cead139a29b3.htm" /><HelpTOCNode Title="SetAmount_DueNull Method " Url="html/0fed74e8-8a6c-b0cb-9469-d11732842309.htm" /><HelpTOCNode Title="SetAmount_PaidNull Method " Url="html/0523762a-9e00-41db-6804-ee96476e54d7.htm" /><HelpTOCNode Title="SetFee_AmountNull Method " Url="html/87580959-900f-2432-ad67-b52f7be3bec6.htm" /><HelpTOCNode Title="SetFee_TypeNull Method " Url="html/0409bdd9-c70d-c9bf-4313-9934d5505edb.htm" /><HelpTOCNode Title="SetYearNull Method " Url="html/0ec39424-1d64-9beb-fb3e-fd96730114c6.htm" /></HelpTOCNode>