﻿<?xml version="1.0" encoding="utf-8"?><HelpTOCNode Title="MessTransaction Properties" Url="html/a5f4adf9-ddcc-72aa-4d87-ff2a56019ef5.htm"><HelpTOCNode Title="amount Property " Url="html/e8c70926-a454-61d3-7382-aef24edc194f.htm" /><HelpTOCNode Title="bankName Property " Url="html/1d6e0e0b-19e1-d9b8-39dd-ae8ddbeb4e82.htm" /><HelpTOCNode Title="bid Property " Url="html/35c65fb7-7b85-61ca-5f6c-60250398ecab.htm" /><HelpTOCNode Title="billNum Property " Url="html/3914c79b-f5f7-3c0c-b420-f02f74d1a64b.htm" /><HelpTOCNode Title="dateOfPay Property " Url="html/0efd7780-cb52-0675-7495-fe21eac015b5.htm" /><HelpTOCNode Title="id Property " Url="html/9aa64cf2-6753-645b-216c-0d894544d1c6.htm" /><HelpTOCNode Title="MessBill Property " Url="html/b7cfced5-96ef-6b90-5bea-acf7661f9be4.htm" /><HelpTOCNode Title="PaymentType Property " Url="html/7df2beba-490a-8433-6037-b23acfae38aa.htm" /><HelpTOCNode Title="paymentTypeId Property " Url="html/70910b29-0a39-0bee-fd7c-db2f78d92077.htm" /><HelpTOCNode Title="receipt Property " Url="html/858937ca-98c0-756b-e23c-299d5104c74a.htm" /><HelpTOCNode Title="Student Property " Url="html/e568b407-7eb0-25ff-a068-0f91bc87ebdb.htm" /><HelpTOCNode Title="year Property " Url="html/ffcca9b6-7700-4d92-eeec-cc7ead9f827c.htm" /></HelpTOCNode>