﻿<?xml version="1.0" encoding="utf-8"?><HelpTOCNode Title="MeeFeeRow Methods" Url="html/a676abc2-fa73-ef44-7794-60ffc693cdd8.htm"><HelpTOCNode Title="IsAmount_DueNull Method " Url="html/dc68b96e-22d4-b7c2-ed78-8082b58a35df.htm" /><HelpTOCNode Title="IsAmount_PaidNull Method " Url="html/7f9e3d8f-7430-ef79-f45a-d6eaef59b502.htm" /><HelpTOCNode Title="IsAmountNull Method " Url="html/8f3b5ae3-3bfb-4c5f-4f87-d3b9186bb80f.htm" /><HelpTOCNode Title="IsMonthNull Method " Url="html/53a65b78-0b70-e495-8ff9-466b509ac029.htm" /><HelpTOCNode Title="IsYearNull Method " Url="html/07aed96d-e1ae-3ebc-993d-5b23935ccbcb.htm" /><HelpTOCNode Title="SetAmount_DueNull Method " Url="html/a69abb3f-350c-cfc6-9528-dc8f53debce1.htm" /><HelpTOCNode Title="SetAmount_PaidNull Method " Url="html/a714f60f-8feb-e368-cd5b-19654de433c2.htm" /><HelpTOCNode Title="SetAmountNull Method " Url="html/1e5f5401-cfd3-8724-103a-32ab16a0454d.htm" /><HelpTOCNode Title="SetMonthNull Method " Url="html/1cd5eb38-9f4f-beec-958d-ff06ea329620.htm" /><HelpTOCNode Title="SetYearNull Method " Url="html/80ddec8a-181d-a528-7f73-d1775dd64531.htm" /></HelpTOCNode>