﻿<?xml version="1.0" encoding="utf-8"?><HelpTOCNode Title="ReportHelper Methods" Url="html/b4a70e19-894c-6996-74d9-4d5433c6d337.htm"><HelpTOCNode Title="ExtractValidRanges Method " Url="html/0af2b066-3d4a-5d9f-290e-93c2de472127.htm" /><HelpTOCNode Title="GenerateExcel Method " Url="html/3617a9fe-ccf5-e0c1-6506-1d827032e073.htm" /><HelpTOCNode Title="GetAllTransactions Method " Url="html/ce87e12c-7e39-2686-9d11-f9425a4152be.htm" /><HelpTOCNode Title="GetTransactionsByAccountHead Method " Url="html/79eb1e06-cb70-1211-1a13-823ac395c86b.htm" /><HelpTOCNode Title="GetTransactionsByAmountRange Method " Url="html/259aff9a-b929-4c18-2972-1fa7f84771cb.htm" /><HelpTOCNode Title="GetTransactionsByBidList Method " Url="html/d31c0811-3466-78b1-ad73-43f4ecae22fa.htm" /><HelpTOCNode Title="GetTransactionsByCourse Method " Url="html/4ed4a96f-ba4a-4154-2ad5-4f725f1c950d.htm" /><HelpTOCNode Title="GetTransactionsByDateRange Method " Url="html/6174ef48-f467-daff-3190-7f60c5018db9.htm" /><HelpTOCNode Title="GetTransactionsByGender Method " Url="html/ac08535d-0a48-cf33-408c-e17803659d06.htm" /><HelpTOCNode Title="GetTransactionsByPaymentType Method " Url="html/61ccc37b-63e1-e7d3-3411-6f45cda885c6.htm" /><HelpTOCNode Title="GetTransactionsBySem Method " Url="html/50789e96-ea72-a899-ab31-343b506b9955.htm" /><HelpTOCNode Title="GetTransactionsByStudentRange Method " Url="html/5b9b583e-e6c9-352e-f308-6fa219208bf9.htm" /></HelpTOCNode>