﻿<?xml version="1.0" encoding="utf-8"?><HelpTOCNode Title="AllotmentRow Methods" Url="html/c2256508-def4-b2b9-5f21-f7341fe70d53.htm"><HelpTOCNode Title="IsDateOfJoinNull Method " Url="html/c8428a19-a0f8-3ef9-9cf9-b8bad5498b39.htm" /><HelpTOCNode Title="IsDateOfLeaveNull Method " Url="html/8a0f31dd-3d04-d638-9b2d-72933936cb7d.htm" /><HelpTOCNode Title="IsHostelBlockNull Method " Url="html/f0ef4cf4-a518-94cf-00b1-a80ba80a9432.htm" /><HelpTOCNode Title="IsRoomNumberNull Method " Url="html/5d42d326-805d-83e9-c226-6e8132286427.htm" /><HelpTOCNode Title="SetDateOfJoinNull Method " Url="html/21874ce3-9418-67a8-ec9d-1dff12745667.htm" /><HelpTOCNode Title="SetDateOfLeaveNull Method " Url="html/38c2c7ae-efd3-684b-c37a-084a21e6df39.htm" /><HelpTOCNode Title="SetHostelBlockNull Method " Url="html/f1b97a51-fad1-7f3e-b30b-aaf19ef747e4.htm" /><HelpTOCNode Title="SetRoomNumberNull Method " Url="html/de4b5831-06fd-9cc8-91a0-dfcc05878695.htm" /></HelpTOCNode>