﻿<?xml version="1.0" encoding="utf-8"?><HelpTOCNode Title="TransactionHelper Methods" Url="html/c4ff5bb2-3d24-67c3-5e17-8132c2182009.htm"><HelpTOCNode Title="CanChangeDep Method " Url="html/b08c1867-f44e-8b0d-148a-98f27094dd57.htm" /><HelpTOCNode Title="CanChangeFix Method " Url="html/cded713c-cb8d-b261-1660-8ce39ea0f3cd.htm" /><HelpTOCNode Title="CanChangeMessFees Method " Url="html/fe02b58f-fd37-2552-4c63-e8083e218c91.htm" /><HelpTOCNode Title="CanChangeRent Method " Url="html/805033c7-15af-e09c-39e8-ac9d409ee7a7.htm" /><HelpTOCNode Title="CanGenerateMessBill Method " Url="html/de75b5e3-1a34-6026-4c81-b9cb4e35109c.htm" /><HelpTOCNode Title="ChangeHostelFees Method " Url="html/f43a57aa-05be-2204-3102-3fe65b7346e0.htm" /><HelpTOCNode Title="ChangeMessFees Method " Url="html/312c0ab3-10f1-49c2-dcdd-8e882e8ac7c2.htm" /><HelpTOCNode Title="ConstructViewModelForHostelFeeChange Method " Url="html/70b19b58-ace5-80de-29f0-49ddc209a289.htm" /><HelpTOCNode Title="ConstructViewModelForHostelFeeDiscount Method " Url="html/18a6edff-374d-2463-59d7-211004fd8cc3.htm" /><HelpTOCNode Title="ConstructViewModelForHostelTransaction Method " Url="html/85c1c832-910e-8709-5486-a3b7215d3aca.htm" /><HelpTOCNode Title="ConstructViewModelForMessFeeChange Method " Url="html/2ce1a098-124a-7c11-980d-a3b5e6026db0.htm" /><HelpTOCNode Title="ConstructViewModelForMessTransaction Method " Url="html/14093ad5-6dbd-c087-b3ed-37dfcf4b5400.htm" /><HelpTOCNode Title="GenerateMessBill Method " Url="html/60499b78-6fc4-4994-5781-418a96fd07ec.htm" /><HelpTOCNode Title="GetAcademicYear Method " Url="html/6606709f-8137-06f9-76e5-fe86ef894412.htm" /><HelpTOCNode Title="GetAccountHeads Method " Url="html/f0c1d85b-5e27-f990-4dd0-9a5689b7205c.htm" /><HelpTOCNode Title="GetAllHostelDues Method " Url="html/973fd07f-4bd9-126c-9db4-f0330c147f21.htm" /><HelpTOCNode Title="GetAllMessDues Method " Url="html/afb2e8cd-939e-716b-e404-5f9dc245667b.htm" /><HelpTOCNode Title="GetAllTransactionsForStudent Method " Url="html/14ae4916-f568-6670-fe3d-957a773b70de.htm" /><HelpTOCNode Title="GetDepFeeId Method " Url="html/5f7022d1-2af5-b622-5f16-865518a1ec92.htm" /><HelpTOCNode Title="GetFee Method " Url="html/52cfc517-e086-e5cf-bcf3-a78e7afcabc9.htm" HasChildren="true" /><HelpTOCNode Title="GetFixFeeId Method " Url="html/7a642445-c7ac-9ee6-87a9-1c29532072f1.htm" /><HelpTOCNode Title="GetHostelFeePayable Method " Url="html/88e017b1-8243-dddf-70c8-107fb5eb3fc0.htm" /><HelpTOCNode Title="GetMessDue Method " Url="html/770e0465-1194-f6f0-3df2-577c6907cbf9.htm" /><HelpTOCNode Title="GetMessFeePayable Method " Url="html/8e2d8c2e-d7db-05d1-68b2-852d46a295de.htm" /><HelpTOCNode Title="GetPaymentTypes Method " Url="html/aeaced5d-9df2-29a9-3d5a-1dea6a44aa8a.htm" /><HelpTOCNode Title="GetRentFeeId Method " Url="html/8605f40a-a2d5-6acf-5ac6-e0e749a5aefa.htm" /><HelpTOCNode Title="GetStudentDues Method " Url="html/ce0cec61-8592-8e16-f23e-8ee64f519a36.htm" /><HelpTOCNode Title="GetTransactionViewModel Method " Url="html/0b9d2d31-414e-3f00-083c-ede03868cdca.htm" /><HelpTOCNode Title="GetValidAcademicYears Method " Url="html/c04526d3-da0b-72e3-6113-d0df5f2e1041.htm" /><HelpTOCNode Title="PerformFeeDiscount Method " Url="html/f83fd368-f1f0-dd6a-9b5a-c0f85e27d000.htm" /><HelpTOCNode Title="PerformHostelTransaction Method " Url="html/a761c14c-8d10-968c-068f-975d761e75f5.htm" /><HelpTOCNode Title="PerformMessTransaction Method " Url="html/cb4ea293-d6f9-1267-84ad-cc085ea5dd50.htm" /><HelpTOCNode Title="ReportAbsenceForMess Method " Url="html/c33c2fd4-b6fe-c85a-1c7a-20402eed3075.htm" /><HelpTOCNode Title="UpdateFeeInDatabase Method " Url="html/eac1e9cc-582a-8633-92dc-21659ed9dc17.htm" /></HelpTOCNode>