﻿<?xml version="1.0" encoding="utf-8"?><HelpTOCNode Title="MessTransactionViewModel Properties" Url="html/c9a193fd-856c-22dd-e7af-5dc7a2f6d4f6.htm"><HelpTOCNode Title="academicYear Property " Url="html/3aa3e157-00c5-e35b-b76a-87784a79a13b.htm" /><HelpTOCNode Title="amount Property " Url="html/b94eb7f5-1a48-960b-c07a-9b4159468395.htm" /><HelpTOCNode Title="bankName Property " Url="html/c636e3b1-5486-4c4e-f450-757614d32dc6.htm" /><HelpTOCNode Title="bid Property " Url="html/981d85c0-7476-1f3a-fe90-908d09563dbe.htm" /><HelpTOCNode Title="dateOfPayment Property " Url="html/18f1ff17-03d3-4ac4-c1c9-8f71f72fa388.htm" /><HelpTOCNode Title="month Property " Url="html/ecc9d0d8-e37a-f7b7-762b-5c30dac0e32c.htm" /><HelpTOCNode Title="paymentType Property " Url="html/5d4868a0-f3f0-352c-b79e-9f0ba48888b6.htm" /><HelpTOCNode Title="referenceNumber Property " Url="html/c9c2b185-a241-42a2-8056-bc5f287bed36.htm" /></HelpTOCNode>