﻿<?xml version="1.0" encoding="utf-8"?><HelpTOCNode Title="HostelManagement" Url="html/d4335610-d919-2302-4761-769a2eda8830.htm"><HelpTOCNode Title="AppDbContext Class" Url="html/d05620d1-d2c7-a222-185f-6213ddd28baf.htm" HasChildren="true" /><HelpTOCNode Title="AppUser Class" Url="html/53d9a397-fe9b-5dd3-4e3e-2aaeafcbb744.htm" HasChildren="true" /><HelpTOCNode Title="FilterConfig Class" Url="html/22b62624-4365-1e8b-00ed-8c05fa2adf03.htm" HasChildren="true" /><HelpTOCNode Title="MvcApplication Class" Url="html/0a65f306-3842-434b-3296-602a0fa694bb.htm" HasChildren="true" /><HelpTOCNode Title="RouteConfig Class" Url="html/ceabedf6-4be8-d2a5-15f1-371eb02ccf3c.htm" HasChildren="true" /><HelpTOCNode Title="Startup Class" Url="html/d10c7a7c-11e8-2c64-01c7-61adef8911b9.htm" HasChildren="true" /><HelpTOCNode Title="StudentReportDataSet Class" Url="html/d53272cb-20f2-bda4-cff8-47ee0a56c813.htm" HasChildren="true" /><HelpTOCNode Title="StudentReportDataSet.AllotmentDataTable Class" Url="html/cdc39505-37a8-91f3-c676-b98dc009caa6.htm" HasChildren="true" /><HelpTOCNode Title="StudentReportDataSet.AllotmentRow Class" Url="html/34e9f5a5-df8c-0060-4a26-a5692f8940ea.htm" HasChildren="true" /><HelpTOCNode Title="StudentReportDataSet.AllotmentRowChangeEvent Class" Url="html/538a51d4-547b-5130-9db0-3795725b3da1.htm" HasChildren="true" /><HelpTOCNode Title="StudentReportDataSet.AllotmentRowChangeEventHandler Delegate" Url="html/435e405d-efac-d456-3d4d-549e9874af22.htm" /><HelpTOCNode Title="StudentReportDataSet.HostelFeeDataTable Class" Url="html/769ed473-2014-8633-b8ee-0c2dc6b2fad6.htm" HasChildren="true" /><HelpTOCNode Title="StudentReportDataSet.HostelFeeRow Class" Url="html/f2008f92-c048-e508-f743-ade84bdb96c2.htm" HasChildren="true" /><HelpTOCNode Title="StudentReportDataSet.HostelFeeRowChangeEvent Class" Url="html/93e1c25f-609a-cf25-eaf1-9bb10cb54e4e.htm" HasChildren="true" /><HelpTOCNode Title="StudentReportDataSet.HostelFeeRowChangeEventHandler Delegate" Url="html/96cbfd5d-aa01-ff37-af7b-e1a12768b9ad.htm" /><HelpTOCNode Title="StudentReportDataSet.MeeFeeDataTable Class" Url="html/e07ad0cf-2a2a-e4f4-5d1f-a35e7d85c070.htm" HasChildren="true" /><HelpTOCNode Title="StudentReportDataSet.MeeFeeRow Class" Url="html/188684c9-b5af-732d-cd2e-8f4e6af80784.htm" HasChildren="true" /><HelpTOCNode Title="StudentReportDataSet.MeeFeeRowChangeEvent Class" Url="html/f7750b0e-fd7b-a001-b775-d346a68a8435.htm" HasChildren="true" /><HelpTOCNode Title="StudentReportDataSet.MeeFeeRowChangeEventHandler Delegate" Url="html/53586e7a-36ce-3bc7-6b16-92eb7ed3167a.htm" /><HelpTOCNode Title="StudentReportDataSet.StudentDataTable Class" Url="html/399d10c3-3601-6de4-7d19-fc4d72a0e679.htm" HasChildren="true" /><HelpTOCNode Title="StudentReportDataSet.StudentRow Class" Url="html/d4062262-47ca-bfbf-e1b8-1be7cfd3e10f.htm" HasChildren="true" /><HelpTOCNode Title="StudentReportDataSet.StudentRowChangeEvent Class" Url="html/cc16ca9c-db0f-88a7-fcb9-5adaf65f70bb.htm" HasChildren="true" /><HelpTOCNode Title="StudentReportDataSet.StudentRowChangeEventHandler Delegate" Url="html/c939aba6-3314-e4dd-ebd1-1929dece5203.htm" /></HelpTOCNode>