﻿<?xml version="1.0" encoding="utf-8"?><HelpTOCNode Title="Student Properties" Url="html/d73496c2-f67d-ea4c-8185-046af9664c7e.htm"><HelpTOCNode Title="Allotments Property " Url="html/4c827d62-5f61-4ec4-7f17-756e237565f4.htm" /><HelpTOCNode Title="bid Property " Url="html/d9455565-8afd-afac-caf1-1e4d202cb07c.htm" /><HelpTOCNode Title="branch Property " Url="html/97200e75-1a32-702a-44d1-789dc4b1fe9c.htm" /><HelpTOCNode Title="course Property " Url="html/14688a37-b61f-ac31-8242-c970d68933d8.htm" /><HelpTOCNode Title="Course1 Property " Url="html/0a1bb1c4-6cba-0af8-04b5-da7ecf347a02.htm" /><HelpTOCNode Title="Department Property " Url="html/e734fab5-6297-9212-db27-df0ebfaf6498.htm" /><HelpTOCNode Title="dob Property " Url="html/da854635-29c1-4f12-427b-4f8d451b5bab.htm" /><HelpTOCNode Title="gender Property " Url="html/86d66e09-fa84-e648-0da4-3767d6132120.htm" /><HelpTOCNode Title="Gender1 Property " Url="html/b49339b7-902c-884e-996d-ff800c062f42.htm" /><HelpTOCNode Title="HostelBills Property " Url="html/aec633c4-d505-26c5-0340-6fd1248de63a.htm" /><HelpTOCNode Title="HostelTransactions Property " Url="html/2e74538e-fe27-9cd8-b438-d66e01dabe42.htm" /><HelpTOCNode Title="MessBills Property " Url="html/13e0fec1-0747-12eb-0a19-2ecc0fa3607c.htm" /><HelpTOCNode Title="MessTransactions Property " Url="html/7cade502-0bdb-2bff-0623-dbf730597477.htm" /><HelpTOCNode Title="name Property " Url="html/3f540ace-3d9c-31fa-b25b-516491ea12ce.htm" /><HelpTOCNode Title="semester Property " Url="html/b6e3a9ad-3a29-3af5-064b-2c5e44db83d6.htm" /><HelpTOCNode Title="usn Property " Url="html/c6ac3e9e-8d82-8334-86d9-a3a428440816.htm" /></HelpTOCNode>