﻿<?xml version="1.0" encoding="utf-8"?><HelpTOCNode Title="HostelTransactionViewModel Properties" Url="html/e99bceb4-29ad-5176-8cc8-9b371ca7a104.htm"><HelpTOCNode Title="academicYear Property " Url="html/b5a77675-098e-6042-25e5-da7409554809.htm" /><HelpTOCNode Title="acHead Property " Url="html/143d6c3c-c5e6-e368-6b3b-9f96db0f5cbb.htm" /><HelpTOCNode Title="amount Property " Url="html/89a64947-a460-dfd3-5e54-96e85913e4c6.htm" /><HelpTOCNode Title="bankName Property " Url="html/ba6dff38-94ae-b92d-345f-a8a021996cdf.htm" /><HelpTOCNode Title="bid Property " Url="html/e1979658-3bee-856c-d9fc-7f91f2049f2d.htm" /><HelpTOCNode Title="dateOfPayment Property " Url="html/740fea3b-cd23-0b3b-e9f2-29ab1518db25.htm" /><HelpTOCNode Title="paymentType Property " Url="html/bfe09721-5b40-2eed-40a1-0d8d4c438e5a.htm" /><HelpTOCNode Title="referenceNumber Property " Url="html/b2a35819-8cb1-d29a-3879-23d9b7f83ea3.htm" /></HelpTOCNode>