﻿<?xml version="1.0" encoding="utf-8"?><HelpTOCNode Title="StudentRow Methods" Url="html/ed51ebdb-f93d-742b-55c6-ac8d7cfd9db2.htm"><HelpTOCNode Title="IsBranchNull Method " Url="html/1777e203-87e0-447b-04cd-a2353b1d9226.htm" /><HelpTOCNode Title="IsCourseNull Method " Url="html/7f818cde-a388-a4c9-eef5-5e6aaa312c3c.htm" /><HelpTOCNode Title="IsDateOfBirthNull Method " Url="html/2f1d70c2-e417-d742-029e-58166183c3b0.htm" /><HelpTOCNode Title="IsGenderNull Method " Url="html/a8dc15e5-7d71-cac5-f1b9-e44e0b7495c9.htm" /><HelpTOCNode Title="IsNameNull Method " Url="html/7e84282a-9e1b-a8d6-a526-b8ac67fd3395.htm" /><HelpTOCNode Title="IsSemNull Method " Url="html/543becb2-9575-c4ab-b77c-e85be1e3d2d7.htm" /><HelpTOCNode Title="SetBranchNull Method " Url="html/659961da-b217-4a9c-29a7-ed8c7f3452c9.htm" /><HelpTOCNode Title="SetCourseNull Method " Url="html/62ae54d3-d32e-88bd-d841-072976ce87cf.htm" /><HelpTOCNode Title="SetDateOfBirthNull Method " Url="html/643ccf02-0883-3ac0-300f-48ca5195a59d.htm" /><HelpTOCNode Title="SetGenderNull Method " Url="html/6341e16e-b0ac-cbe2-bdc1-51daed4488c3.htm" /><HelpTOCNode Title="SetNameNull Method " Url="html/e23ff7f8-f30d-e83a-36ec-620914baeef5.htm" /><HelpTOCNode Title="SetSemNull Method " Url="html/63b7ed84-9797-fc2f-9f6a-62fc385c4868.htm" /></HelpTOCNode>