﻿<?xml version="1.0" encoding="utf-8"?><HelpTOCNode Title="Room Properties" Url="html/ee6bbd45-0c14-930d-7928-65cb10a974ba.htm"><HelpTOCNode Title="Allotments Property " Url="html/2f723ba1-ef6a-47bd-19ab-2335c47478a6.htm" /><HelpTOCNode Title="currentOccupancy Property " Url="html/e0c867f6-2fc1-6b2f-23dc-5fbe0ce7181d.htm" /><HelpTOCNode Title="Hostel Property " Url="html/2fac3e09-a82e-1891-31d5-566918ef8704.htm" /><HelpTOCNode Title="hostelBlockNumber Property " Url="html/c155a147-e903-8d45-6390-f6bd0547f8a9.htm" /><HelpTOCNode Title="maxOccupancy Property " Url="html/97d19e30-e27f-aa4f-06e2-b38136eedec2.htm" /><HelpTOCNode Title="roomNumber Property " Url="html/a8d8fa06-0002-f33d-17b1-572a9a8a714d.htm" /><HelpTOCNode Title="roomType Property " Url="html/03bab07e-95dd-019c-e3db-de14e816fddd.htm" /><HelpTOCNode Title="RoomType1 Property " Url="html/df08e5ec-dd05-93a2-a435-fdb9b81b1292.htm" /></HelpTOCNode>